trial_id,scenario,seed,policy,status,actions,accepted,accepted_cost,duration_s
separable:0:full-quarantine,separable,0,full-quarantine,REJECTED,c,False,,2.400018274784088e-05
separable:0:static-segmentation,separable,0,static-segmentation,FEASIBLE,a+d,True,7,1.1299969628453255e-05
separable:0:risk-based,separable,0,risk-based,REJECTED,c,False,,1.2699980288743973e-05
separable:0:function-aware-greedy,separable,0,function-aware-greedy,FEASIBLE,a+d,True,7,0.00011769984848797321
separable:0:mfsc,separable,0,mfsc,OPTIMAL,a+d,True,7,0.00012059998698532581
separable:1:full-quarantine,separable,1,full-quarantine,REJECTED,c,False,,8.19982960820198e-06
separable:1:static-segmentation,separable,1,static-segmentation,FEASIBLE,a+d,True,5,5.600042641162872e-06
separable:1:risk-based,separable,1,risk-based,REJECTED,c,False,,8.499948307871819e-06
separable:1:function-aware-greedy,separable,1,function-aware-greedy,FEASIBLE,a+d,True,5,0.00010089995339512825
separable:1:mfsc,separable,1,mfsc,OPTIMAL,a+d,True,5,9.300000965595245e-05
separable:2:full-quarantine,separable,2,full-quarantine,REJECTED,c,False,,7.00005330145359e-06
separable:2:static-segmentation,separable,2,static-segmentation,FEASIBLE,a+d,True,4,5.600042641162872e-06
separable:2:risk-based,separable,2,risk-based,REJECTED,c,False,,8.09994526207447e-06
separable:2:function-aware-greedy,separable,2,function-aware-greedy,FEASIBLE,a+b,True,2,6.969994865357876e-05
separable:2:mfsc,separable,2,mfsc,OPTIMAL,a+b,True,2,8.760020136833191e-05
separable:3:full-quarantine,separable,3,full-quarantine,REJECTED,c,False,,1.1100200936198235e-05
separable:3:static-segmentation,separable,3,static-segmentation,FEASIBLE,a+d,True,4,7.00005330145359e-06
separable:3:risk-based,separable,3,risk-based,REJECTED,c,False,,9.599840268492699e-06
separable:3:function-aware-greedy,separable,3,function-aware-greedy,FEASIBLE,a+d,True,4,7.370021194219589e-05
separable:3:mfsc,separable,3,mfsc,OPTIMAL,a+d,True,4,9.629991836845875e-05
separable:4:full-quarantine,separable,4,full-quarantine,REJECTED,c,False,,7.400056347250938e-06
separable:4:static-segmentation,separable,4,static-segmentation,FEASIBLE,a+d,True,6,5.90016134083271e-06
separable:4:risk-based,separable,4,risk-based,REJECTED,c,False,,7.699942216277122e-06
separable:4:function-aware-greedy,separable,4,function-aware-greedy,FEASIBLE,a+b,True,5,9.869993664324284e-05
separable:4:mfsc,separable,4,mfsc,OPTIMAL,a+b,True,5,9.009987115859985e-05
separable:5:full-quarantine,separable,5,full-quarantine,REJECTED,c,False,,6.800051778554916e-06
separable:5:static-segmentation,separable,5,static-segmentation,FEASIBLE,a+d,True,10,5.699926987290382e-06
separable:5:risk-based,separable,5,risk-based,REJECTED,c,False,,7.899943739175797e-06
separable:5:function-aware-greedy,separable,5,function-aware-greedy,FEASIBLE,a+b,True,8,9.860005229711533e-05
separable:5:mfsc,separable,5,mfsc,OPTIMAL,a+b,True,8,8.469983004033566e-05
separable:6:full-quarantine,separable,6,full-quarantine,REJECTED,c,False,,6.800051778554916e-06
separable:6:static-segmentation,separable,6,static-segmentation,FEASIBLE,a+d,True,8,5.700159817934036e-06
separable:6:risk-based,separable,6,risk-based,REJECTED,c,False,,8.699949830770493e-06
separable:6:function-aware-greedy,separable,6,function-aware-greedy,FEASIBLE,a+b+d,True,9,0.00013409997336566448
separable:6:mfsc,separable,6,mfsc,OPTIMAL,a+b,True,6,8.770008571445942e-05
separable:7:full-quarantine,separable,7,full-quarantine,REJECTED,c,False,,7.2999391704797745e-06
separable:7:static-segmentation,separable,7,static-segmentation,FEASIBLE,a+d,True,4,5.899928510189056e-06
separable:7:risk-based,separable,7,risk-based,REJECTED,c,False,,7.4999406933784485e-06
separable:7:function-aware-greedy,separable,7,function-aware-greedy,FEASIBLE,a+b+d,True,6,0.00010309997014701366
separable:7:mfsc,separable,7,mfsc,OPTIMAL,a+d,True,4,8.839997462928295e-05
separable:8:full-quarantine,separable,8,full-quarantine,REJECTED,c,False,,6.800051778554916e-06
separable:8:static-segmentation,separable,8,static-segmentation,FEASIBLE,a+d,True,4,5.200039595365524e-06
separable:8:risk-based,separable,8,risk-based,REJECTED,c,False,,7.200054824352264e-06
separable:8:function-aware-greedy,separable,8,function-aware-greedy,FEASIBLE,a+d,True,4,7.08999577909708e-05
separable:8:mfsc,separable,8,mfsc,OPTIMAL,a+d,True,4,8.739996701478958e-05
separable:9:full-quarantine,separable,9,full-quarantine,REJECTED,c,False,,6.600050255656242e-06
separable:9:static-segmentation,separable,9,static-segmentation,FEASIBLE,a+d,True,7,5.200039595365524e-06
separable:9:risk-based,separable,9,risk-based,REJECTED,c,False,,7.2999391704797745e-06
separable:9:function-aware-greedy,separable,9,function-aware-greedy,FEASIBLE,a+d,True,7,9.829993359744549e-05
separable:9:mfsc,separable,9,mfsc,OPTIMAL,a+d,True,7,8.449982851743698e-05
shared-channel:0:full-quarantine,shared-channel,0,full-quarantine,REJECTED,c,False,,7.3998235166072845e-06
shared-channel:0:static-segmentation,shared-channel,0,static-segmentation,REJECTED,a+d,False,,6.00004568696022e-06
shared-channel:0:risk-based,shared-channel,0,risk-based,REJECTED,c,False,,8.499948307871819e-06
shared-channel:0:function-aware-greedy,shared-channel,0,function-aware-greedy,UNKNOWN,b+d,False,,0.00018649990670382977
shared-channel:0:mfsc,shared-channel,0,mfsc,INFEASIBLE,,False,,0.00011319993063807487
shared-channel:1:full-quarantine,shared-channel,1,full-quarantine,REJECTED,c,False,,8.200062438845634e-06
shared-channel:1:static-segmentation,shared-channel,1,static-segmentation,REJECTED,a+d,False,,6.6999346017837524e-06
shared-channel:1:risk-based,shared-channel,1,risk-based,REJECTED,c,False,,8.19982960820198e-06
shared-channel:1:function-aware-greedy,shared-channel,1,function-aware-greedy,UNKNOWN,b+d,False,,0.00015929993242025375
shared-channel:1:mfsc,shared-channel,1,mfsc,INFEASIBLE,,False,,0.00010899989865720272
shared-channel:2:full-quarantine,shared-channel,2,full-quarantine,REJECTED,c,False,,8.200062438845634e-06
shared-channel:2:static-segmentation,shared-channel,2,static-segmentation,REJECTED,a+d,False,,8.00006091594696e-06
shared-channel:2:risk-based,shared-channel,2,risk-based,REJECTED,c,False,,8.699949830770493e-06
shared-channel:2:function-aware-greedy,shared-channel,2,function-aware-greedy,UNKNOWN,b+d,False,,0.00016220007091760635
shared-channel:2:mfsc,shared-channel,2,mfsc,INFEASIBLE,,False,,0.00011030002497136593
shared-channel:3:full-quarantine,shared-channel,3,full-quarantine,REJECTED,c,False,,7.400056347250938e-06
shared-channel:3:static-segmentation,shared-channel,3,static-segmentation,REJECTED,a+d,False,,6.3998159021139145e-06
shared-channel:3:risk-based,shared-channel,3,risk-based,REJECTED,c,False,,8.100178092718124e-06
shared-channel:3:function-aware-greedy,shared-channel,3,function-aware-greedy,UNKNOWN,b+d,False,,0.00015950016677379608
shared-channel:3:mfsc,shared-channel,3,mfsc,INFEASIBLE,,False,,0.00010820012539625168
shared-channel:4:full-quarantine,shared-channel,4,full-quarantine,REJECTED,c,False,,9.999843314290047e-06
shared-channel:4:static-segmentation,shared-channel,4,static-segmentation,REJECTED,a+d,False,,9.599840268492699e-06
shared-channel:4:risk-based,shared-channel,4,risk-based,REJECTED,c,False,,9.799841791391373e-06
shared-channel:4:function-aware-greedy,shared-channel,4,function-aware-greedy,UNKNOWN,b+d,False,,0.0001626000739634037
shared-channel:4:mfsc,shared-channel,4,mfsc,INFEASIBLE,,False,,0.00011450005695223808
shared-channel:5:full-quarantine,shared-channel,5,full-quarantine,REJECTED,c,False,,7.699942216277122e-06
shared-channel:5:static-segmentation,shared-channel,5,static-segmentation,REJECTED,a+d,False,,6.09993003308773e-06
shared-channel:5:risk-based,shared-channel,5,risk-based,REJECTED,c,False,,8.400063961744308e-06
shared-channel:5:function-aware-greedy,shared-channel,5,function-aware-greedy,UNKNOWN,b+d,False,,0.0001558999065309763
shared-channel:5:mfsc,shared-channel,5,mfsc,INFEASIBLE,,False,,0.00011039990931749344
shared-channel:6:full-quarantine,shared-channel,6,full-quarantine,REJECTED,c,False,,6.8999361246824265e-06
shared-channel:6:static-segmentation,shared-channel,6,static-segmentation,REJECTED,a+d,False,,5.9998128563165665e-06
shared-channel:6:risk-based,shared-channel,6,risk-based,REJECTED,c,False,,7.899943739175797e-06
shared-channel:6:function-aware-greedy,shared-channel,6,function-aware-greedy,UNKNOWN,b+d,False,,0.00015590013936161995
shared-channel:6:mfsc,shared-channel,6,mfsc,INFEASIBLE,,False,,0.00010559987276792526
shared-channel:7:full-quarantine,shared-channel,7,full-quarantine,REJECTED,c,False,,7.200054824352264e-06
shared-channel:7:static-segmentation,shared-channel,7,static-segmentation,REJECTED,a+d,False,,6.299931555986404e-06
shared-channel:7:risk-based,shared-channel,7,risk-based,REJECTED,c,False,,8.90018418431282e-06
shared-channel:7:function-aware-greedy,shared-channel,7,function-aware-greedy,UNKNOWN,b+d,False,,0.00016489997506141663
shared-channel:7:mfsc,shared-channel,7,mfsc,INFEASIBLE,,False,,0.00012520002201199532
shared-channel:8:full-quarantine,shared-channel,8,full-quarantine,REJECTED,c,False,,7.400056347250938e-06
shared-channel:8:static-segmentation,shared-channel,8,static-segmentation,REJECTED,a+d,False,,6.400048732757568e-06
shared-channel:8:risk-based,shared-channel,8,risk-based,REJECTED,c,False,,8.800067007541656e-06
shared-channel:8:function-aware-greedy,shared-channel,8,function-aware-greedy,UNKNOWN,b+d,False,,0.00016699987463653088
shared-channel:8:mfsc,shared-channel,8,mfsc,INFEASIBLE,,False,,0.00011559994891285896
shared-channel:9:full-quarantine,shared-channel,9,full-quarantine,REJECTED,c,False,,1.5900004655122757e-05
shared-channel:9:static-segmentation,shared-channel,9,static-segmentation,REJECTED,a+d,False,,9.699957445263863e-06
shared-channel:9:risk-based,shared-channel,9,risk-based,REJECTED,c,False,,1.1299969628453255e-05
shared-channel:9:function-aware-greedy,shared-channel,9,function-aware-greedy,UNKNOWN,b+d,False,,0.0001870999112725258
shared-channel:9:mfsc,shared-channel,9,mfsc,INFEASIBLE,,False,,0.00013369997031986713
bounded-dependency:0:full-quarantine,bounded-dependency,0,full-quarantine,REJECTED,c,False,,1.100008375942707e-05
bounded-dependency:0:static-segmentation,bounded-dependency,0,static-segmentation,FEASIBLE,a+d,True,7,8.500181138515472e-06
bounded-dependency:0:risk-based,bounded-dependency,0,risk-based,REJECTED,c,False,,1.0600080713629723e-05
bounded-dependency:0:function-aware-greedy,bounded-dependency,0,function-aware-greedy,FEASIBLE,a+d,True,7,0.0002234000712633133
bounded-dependency:0:mfsc,bounded-dependency,0,mfsc,OPTIMAL,a+d,True,7,0.0001976999919861555
bounded-dependency:1:full-quarantine,bounded-dependency,1,full-quarantine,REJECTED,c,False,,8.899951353669167e-06
bounded-dependency:1:static-segmentation,bounded-dependency,1,static-segmentation,FEASIBLE,a+d,True,5,7.1998219937086105e-06
bounded-dependency:1:risk-based,bounded-dependency,1,risk-based,REJECTED,c,False,,1.0699965059757233e-05
bounded-dependency:1:function-aware-greedy,bounded-dependency,1,function-aware-greedy,FEASIBLE,a+d,True,5,0.00020459992811083794
bounded-dependency:1:mfsc,bounded-dependency,1,mfsc,OPTIMAL,a+d,True,5,0.0001821999903768301
bounded-dependency:2:full-quarantine,bounded-dependency,2,full-quarantine,REJECTED,c,False,,8.800067007541656e-06
bounded-dependency:2:static-segmentation,bounded-dependency,2,static-segmentation,FEASIBLE,a+d,True,4,7.200054824352264e-06
bounded-dependency:2:risk-based,bounded-dependency,2,risk-based,REJECTED,c,False,,9.500188753008842e-06
bounded-dependency:2:function-aware-greedy,bounded-dependency,2,function-aware-greedy,FEASIBLE,a+d,True,4,0.00026350002735853195
bounded-dependency:2:mfsc,bounded-dependency,2,mfsc,OPTIMAL,a+d,True,4,0.00017819995991885662
bounded-dependency:3:full-quarantine,bounded-dependency,3,full-quarantine,REJECTED,c,False,,1.0400079190731049e-05
bounded-dependency:3:static-segmentation,bounded-dependency,3,static-segmentation,FEASIBLE,a+d,True,4,7.400056347250938e-06
bounded-dependency:3:risk-based,bounded-dependency,3,risk-based,REJECTED,c,False,,9.400071576237679e-06
bounded-dependency:3:function-aware-greedy,bounded-dependency,3,function-aware-greedy,FEASIBLE,a+d,True,4,0.0001384001225233078
bounded-dependency:3:mfsc,bounded-dependency,3,mfsc,OPTIMAL,a+d,True,4,0.00017690006643533707
bounded-dependency:4:full-quarantine,bounded-dependency,4,full-quarantine,REJECTED,c,False,,1.200009137392044e-05
bounded-dependency:4:static-segmentation,bounded-dependency,4,static-segmentation,FEASIBLE,a+d,True,6,2.9899878427386284e-05
bounded-dependency:4:risk-based,bounded-dependency,4,risk-based,REJECTED,c,False,,2.210005186498165e-05
bounded-dependency:4:function-aware-greedy,bounded-dependency,4,function-aware-greedy,FEASIBLE,a+d,True,6,0.0005109000485390425
bounded-dependency:4:mfsc,bounded-dependency,4,mfsc,OPTIMAL,a+d,True,6,0.000372899929061532
bounded-dependency:5:full-quarantine,bounded-dependency,5,full-quarantine,REJECTED,c,False,,1.7600134015083313e-05
bounded-dependency:5:static-segmentation,bounded-dependency,5,static-segmentation,FEASIBLE,a+d,True,10,1.1200085282325745e-05
bounded-dependency:5:risk-based,bounded-dependency,5,risk-based,REJECTED,c,False,,2.5099841877818108e-05
bounded-dependency:5:function-aware-greedy,bounded-dependency,5,function-aware-greedy,FEASIBLE,a+d,True,10,0.00035019987262785435
bounded-dependency:5:mfsc,bounded-dependency,5,mfsc,OPTIMAL,a+d,True,10,0.0001914000604301691
bounded-dependency:6:full-quarantine,bounded-dependency,6,full-quarantine,REJECTED,c,False,,1.1899974197149277e-05
bounded-dependency:6:static-segmentation,bounded-dependency,6,static-segmentation,FEASIBLE,a+d,True,8,8.200062438845634e-06
bounded-dependency:6:risk-based,bounded-dependency,6,risk-based,REJECTED,c,False,,1.0600080713629723e-05
bounded-dependency:6:function-aware-greedy,bounded-dependency,6,function-aware-greedy,FEASIBLE,a+d,True,8,0.000273499870672822
bounded-dependency:6:mfsc,bounded-dependency,6,mfsc,OPTIMAL,a+d,True,8,0.00020490004681050777
bounded-dependency:7:full-quarantine,bounded-dependency,7,full-quarantine,REJECTED,c,False,,1.119985245168209e-05
bounded-dependency:7:static-segmentation,bounded-dependency,7,static-segmentation,FEASIBLE,a+d,True,4,8.899951353669167e-06
bounded-dependency:7:risk-based,bounded-dependency,7,risk-based,REJECTED,c,False,,1.0999850928783417e-05
bounded-dependency:7:function-aware-greedy,bounded-dependency,7,function-aware-greedy,FEASIBLE,a+d,True,4,0.00020660017617046833
bounded-dependency:7:mfsc,bounded-dependency,7,mfsc,OPTIMAL,a+d,True,4,0.00021050008945167065
bounded-dependency:8:full-quarantine,bounded-dependency,8,full-quarantine,REJECTED,c,False,,2.450007013976574e-05
bounded-dependency:8:static-segmentation,bounded-dependency,8,static-segmentation,FEASIBLE,a+d,True,4,7.00005330145359e-06
bounded-dependency:8:risk-based,bounded-dependency,8,risk-based,REJECTED,c,False,,9.699957445263863e-06
bounded-dependency:8:function-aware-greedy,bounded-dependency,8,function-aware-greedy,FEASIBLE,a+d,True,4,0.00014079990796744823
bounded-dependency:8:mfsc,bounded-dependency,8,mfsc,OPTIMAL,a+d,True,4,0.00020199990831315517
bounded-dependency:9:full-quarantine,bounded-dependency,9,full-quarantine,REJECTED,c,False,,1.0299962013959885e-05
bounded-dependency:9:static-segmentation,bounded-dependency,9,static-segmentation,FEASIBLE,a+d,True,7,8.700182661414146e-06
bounded-dependency:9:risk-based,bounded-dependency,9,risk-based,REJECTED,c,False,,1.019984483718872e-05
bounded-dependency:9:function-aware-greedy,bounded-dependency,9,function-aware-greedy,FEASIBLE,a+d,True,7,0.00018829992040991783
bounded-dependency:9:mfsc,bounded-dependency,9,mfsc,OPTIMAL,a+d,True,7,0.00019729998894035816
unknown-evidence:0:full-quarantine,unknown-evidence,0,full-quarantine,REJECTED,c,False,,8.800067007541656e-06
unknown-evidence:0:static-segmentation,unknown-evidence,0,static-segmentation,REJECTED,a+d,False,,6.5998174250125885e-06
unknown-evidence:0:risk-based,unknown-evidence,0,risk-based,REJECTED,c,False,,1.100008375942707e-05
unknown-evidence:0:function-aware-greedy,unknown-evidence,0,function-aware-greedy,UNKNOWN,,False,,0.0001735000405460596
unknown-evidence:0:mfsc,unknown-evidence,0,mfsc,UNKNOWN,,False,,7.1998219937086105e-06
unknown-evidence:1:full-quarantine,unknown-evidence,1,full-quarantine,REJECTED,c,False,,8.300179615616798e-06
unknown-evidence:1:static-segmentation,unknown-evidence,1,static-segmentation,REJECTED,a+d,False,,1.5099998563528061e-05
unknown-evidence:1:risk-based,unknown-evidence,1,risk-based,REJECTED,c,False,,9.700190275907516e-06
unknown-evidence:1:function-aware-greedy,unknown-evidence,1,function-aware-greedy,UNKNOWN,,False,,0.00016229995526373386
unknown-evidence:1:mfsc,unknown-evidence,1,mfsc,UNKNOWN,,False,,6.09993003308773e-06
unknown-evidence:2:full-quarantine,unknown-evidence,2,full-quarantine,REJECTED,c,False,,1.3499986380338669e-05
unknown-evidence:2:static-segmentation,unknown-evidence,2,static-segmentation,REJECTED,a+d,False,,6.600050255656242e-06
unknown-evidence:2:risk-based,unknown-evidence,2,risk-based,REJECTED,c,False,,9.499955922365189e-06
unknown-evidence:2:function-aware-greedy,unknown-evidence,2,function-aware-greedy,UNKNOWN,,False,,0.00015750015154480934
unknown-evidence:2:mfsc,unknown-evidence,2,mfsc,UNKNOWN,,False,,5.500158295035362e-06
unknown-evidence:3:full-quarantine,unknown-evidence,3,full-quarantine,REJECTED,c,False,,7.90017656981945e-06
unknown-evidence:3:static-segmentation,unknown-evidence,3,static-segmentation,REJECTED,a+d,False,,7.0999376475811005e-06
unknown-evidence:3:risk-based,unknown-evidence,3,risk-based,REJECTED,c,False,,9.400071576237679e-06
unknown-evidence:3:function-aware-greedy,unknown-evidence,3,function-aware-greedy,UNKNOWN,,False,,0.00015909993089735508
unknown-evidence:3:mfsc,unknown-evidence,3,mfsc,UNKNOWN,,False,,5.899928510189056e-06
unknown-evidence:4:full-quarantine,unknown-evidence,4,full-quarantine,REJECTED,c,False,,7.2999391704797745e-06
unknown-evidence:4:static-segmentation,unknown-evidence,4,static-segmentation,REJECTED,a+d,False,,5.699926987290382e-06
unknown-evidence:4:risk-based,unknown-evidence,4,risk-based,REJECTED,c,False,,8.299946784973145e-06
unknown-evidence:4:function-aware-greedy,unknown-evidence,4,function-aware-greedy,UNKNOWN,,False,,0.00018909992650151253
unknown-evidence:4:mfsc,unknown-evidence,4,mfsc,UNKNOWN,,False,,6.100162863731384e-06
unknown-evidence:5:full-quarantine,unknown-evidence,5,full-quarantine,REJECTED,c,False,,8.09994526207447e-06
unknown-evidence:5:static-segmentation,unknown-evidence,5,static-segmentation,REJECTED,a+d,False,,6.300164386630058e-06
unknown-evidence:5:risk-based,unknown-evidence,5,risk-based,REJECTED,c,False,,8.800067007541656e-06
unknown-evidence:5:function-aware-greedy,unknown-evidence,5,function-aware-greedy,UNKNOWN,,False,,0.00018869992345571518
unknown-evidence:5:mfsc,unknown-evidence,5,mfsc,UNKNOWN,,False,,5.3998082876205444e-06
unknown-evidence:6:full-quarantine,unknown-evidence,6,full-quarantine,REJECTED,c,False,,7.200054824352264e-06
unknown-evidence:6:static-segmentation,unknown-evidence,6,static-segmentation,REJECTED,a+d,False,,6.500165909528732e-06
unknown-evidence:6:risk-based,unknown-evidence,6,risk-based,REJECTED,c,False,,8.19982960820198e-06
unknown-evidence:6:function-aware-greedy,unknown-evidence,6,function-aware-greedy,UNKNOWN,,False,,0.00018259999342262745
unknown-evidence:6:mfsc,unknown-evidence,6,mfsc,UNKNOWN,,False,,5.200039595365524e-06
unknown-evidence:7:full-quarantine,unknown-evidence,7,full-quarantine,REJECTED,c,False,,7.899943739175797e-06
unknown-evidence:7:static-segmentation,unknown-evidence,7,static-segmentation,REJECTED,a+d,False,,7.00005330145359e-06
unknown-evidence:7:risk-based,unknown-evidence,7,risk-based,REJECTED,c,False,,8.400063961744308e-06
unknown-evidence:7:function-aware-greedy,unknown-evidence,7,function-aware-greedy,UNKNOWN,,False,,0.00016789999790489674
unknown-evidence:7:mfsc,unknown-evidence,7,mfsc,UNKNOWN,,False,,5.700159817934036e-06
unknown-evidence:8:full-quarantine,unknown-evidence,8,full-quarantine,REJECTED,c,False,,7.00005330145359e-06
unknown-evidence:8:static-segmentation,unknown-evidence,8,static-segmentation,REJECTED,a+d,False,,5.899928510189056e-06
unknown-evidence:8:risk-based,unknown-evidence,8,risk-based,REJECTED,c,False,,9.100185707211494e-06
unknown-evidence:8:function-aware-greedy,unknown-evidence,8,function-aware-greedy,UNKNOWN,,False,,0.0001542998943477869
unknown-evidence:8:mfsc,unknown-evidence,8,mfsc,UNKNOWN,,False,,5.299923941493034e-06
unknown-evidence:9:full-quarantine,unknown-evidence,9,full-quarantine,REJECTED,c,False,,2.200016751885414e-05
unknown-evidence:9:static-segmentation,unknown-evidence,9,static-segmentation,REJECTED,a+d,False,,6.200047209858894e-06
unknown-evidence:9:risk-based,unknown-evidence,9,risk-based,REJECTED,c,False,,8.300179615616798e-06
unknown-evidence:9:function-aware-greedy,unknown-evidence,9,function-aware-greedy,UNKNOWN,,False,,0.0001503999810665846
unknown-evidence:9:mfsc,unknown-evidence,9,mfsc,UNKNOWN,,False,,5.00003807246685e-06
late-alert:0:full-quarantine,late-alert,0,full-quarantine,REJECTED,c,False,,8.00006091594696e-06
late-alert:0:static-segmentation,late-alert,0,static-segmentation,REJECTED,a+d,False,,6.4999330788850784e-06
late-alert:0:risk-based,late-alert,0,risk-based,REJECTED,c,False,,8.299946784973145e-06
late-alert:0:function-aware-greedy,late-alert,0,function-aware-greedy,UNKNOWN,,False,,0.00015320000238716602
late-alert:0:mfsc,late-alert,0,mfsc,INFEASIBLE,,False,,0.0002101999707520008
late-alert:1:full-quarantine,late-alert,1,full-quarantine,REJECTED,c,False,,9.400071576237679e-06
late-alert:1:static-segmentation,late-alert,1,static-segmentation,REJECTED,a+d,False,,6.9998204708099365e-06
late-alert:1:risk-based,late-alert,1,risk-based,REJECTED,c,False,,9.899958968162537e-06
late-alert:1:function-aware-greedy,late-alert,1,function-aware-greedy,UNKNOWN,,False,,0.00018740002997219563
late-alert:1:mfsc,late-alert,1,mfsc,INFEASIBLE,,False,,9.460002183914185e-05
late-alert:2:full-quarantine,late-alert,2,full-quarantine,REJECTED,c,False,,7.800059393048286e-06
late-alert:2:static-segmentation,late-alert,2,static-segmentation,REJECTED,a+d,False,,7.2999391704797745e-06
late-alert:2:risk-based,late-alert,2,risk-based,REJECTED,c,False,,1.2399861589074135e-05
late-alert:2:function-aware-greedy,late-alert,2,function-aware-greedy,UNKNOWN,,False,,0.00016220007091760635
late-alert:2:mfsc,late-alert,2,mfsc,INFEASIBLE,,False,,9.34000127017498e-05
late-alert:3:full-quarantine,late-alert,3,full-quarantine,REJECTED,c,False,,7.699942216277122e-06
late-alert:3:static-segmentation,late-alert,3,static-segmentation,REJECTED,a+d,False,,6.1998143792152405e-06
late-alert:3:risk-based,late-alert,3,risk-based,REJECTED,c,False,,8.600065484642982e-06
late-alert:3:function-aware-greedy,late-alert,3,function-aware-greedy,UNKNOWN,,False,,0.00016950001008808613
late-alert:3:mfsc,late-alert,3,mfsc,INFEASIBLE,,False,,8.810008876025677e-05
late-alert:4:full-quarantine,late-alert,4,full-quarantine,REJECTED,c,False,,5.2900053560733795e-05
late-alert:4:static-segmentation,late-alert,4,static-segmentation,REJECTED,a+d,False,,1.1100200936198235e-05
late-alert:4:risk-based,late-alert,4,risk-based,REJECTED,c,False,,1.209997572004795e-05
late-alert:4:function-aware-greedy,late-alert,4,function-aware-greedy,UNKNOWN,,False,,0.0002096998505294323
late-alert:4:mfsc,late-alert,4,mfsc,INFEASIBLE,,False,,0.00011710007674992085
late-alert:5:full-quarantine,late-alert,5,full-quarantine,REJECTED,c,False,,1.2200092896819115e-05
late-alert:5:static-segmentation,late-alert,5,static-segmentation,REJECTED,a+d,False,,7.799826562404633e-06
late-alert:5:risk-based,late-alert,5,risk-based,REJECTED,c,False,,0.00026199989952147007
late-alert:5:function-aware-greedy,late-alert,5,function-aware-greedy,UNKNOWN,,False,,0.0002598999999463558
late-alert:5:mfsc,late-alert,5,mfsc,INFEASIBLE,,False,,0.00010179984383285046
late-alert:6:full-quarantine,late-alert,6,full-quarantine,REJECTED,c,False,,1.0600080713629723e-05
late-alert:6:static-segmentation,late-alert,6,static-segmentation,REJECTED,a+d,False,,7.2999391704797745e-06
late-alert:6:risk-based,late-alert,6,risk-based,REJECTED,c,False,,1.0399846360087395e-05
late-alert:6:function-aware-greedy,late-alert,6,function-aware-greedy,UNKNOWN,,False,,0.0001968001015484333
late-alert:6:mfsc,late-alert,6,mfsc,INFEASIBLE,,False,,0.00014230003580451012
late-alert:7:full-quarantine,late-alert,7,full-quarantine,REJECTED,c,False,,2.5899847969412804e-05
late-alert:7:static-segmentation,late-alert,7,static-segmentation,REJECTED,a+d,False,,9.699957445263863e-06
late-alert:7:risk-based,late-alert,7,risk-based,REJECTED,c,False,,1.100008375942707e-05
late-alert:7:function-aware-greedy,late-alert,7,function-aware-greedy,UNKNOWN,,False,,0.00015949993394315243
late-alert:7:mfsc,late-alert,7,mfsc,INFEASIBLE,,False,,9.769992902874947e-05
late-alert:8:full-quarantine,late-alert,8,full-quarantine,REJECTED,c,False,,8.499948307871819e-06
late-alert:8:static-segmentation,late-alert,8,static-segmentation,REJECTED,a+d,False,,6.6999346017837524e-06
late-alert:8:risk-based,late-alert,8,risk-based,REJECTED,c,False,,8.299946784973145e-06
late-alert:8:function-aware-greedy,late-alert,8,function-aware-greedy,UNKNOWN,,False,,0.00015279999934136868
late-alert:8:mfsc,late-alert,8,mfsc,INFEASIBLE,,False,,9.04998742043972e-05
late-alert:9:full-quarantine,late-alert,9,full-quarantine,REJECTED,c,False,,7.6000578701496124e-06
late-alert:9:static-segmentation,late-alert,9,static-segmentation,REJECTED,a+d,False,,6.4999330788850784e-06
late-alert:9:risk-based,late-alert,9,risk-based,REJECTED,c,False,,8.299946784973145e-06
late-alert:9:function-aware-greedy,late-alert,9,function-aware-greedy,UNKNOWN,,False,,0.00028140004724264145
late-alert:9:mfsc,late-alert,9,mfsc,INFEASIBLE,,False,,9.929994121193886e-05
unavailable-action:0:full-quarantine,unavailable-action,0,full-quarantine,REJECTED,c,False,,1.0400079190731049e-05
unavailable-action:0:static-segmentation,unavailable-action,0,static-segmentation,FEASIBLE,a+d,True,7,7.4999406933784485e-06
unavailable-action:0:risk-based,unavailable-action,0,risk-based,REJECTED,c,False,,9.600073099136353e-06
unavailable-action:0:function-aware-greedy,unavailable-action,0,function-aware-greedy,FEASIBLE,a+d,True,7,0.00013109995052218437
unavailable-action:0:mfsc,unavailable-action,0,mfsc,OPTIMAL,a+d,True,7,8.559995330870152e-05
unavailable-action:1:full-quarantine,unavailable-action,1,full-quarantine,REJECTED,c,False,,1.209997572004795e-05
unavailable-action:1:static-segmentation,unavailable-action,1,static-segmentation,FEASIBLE,a+d,True,5,7.699942216277122e-06
unavailable-action:1:risk-based,unavailable-action,1,risk-based,REJECTED,c,False,,1.0200077667832375e-05
unavailable-action:1:function-aware-greedy,unavailable-action,1,function-aware-greedy,FEASIBLE,a+d,True,5,0.00011330004781484604
unavailable-action:1:mfsc,unavailable-action,1,mfsc,OPTIMAL,a+d,True,5,6.710016168653965e-05
unavailable-action:2:full-quarantine,unavailable-action,2,full-quarantine,REJECTED,c,False,,8.800067007541656e-06
unavailable-action:2:static-segmentation,unavailable-action,2,static-segmentation,FEASIBLE,a+d,True,4,6.200047209858894e-06
unavailable-action:2:risk-based,unavailable-action,2,risk-based,REJECTED,c,False,,8.699949830770493e-06
unavailable-action:2:function-aware-greedy,unavailable-action,2,function-aware-greedy,FEASIBLE,a+d,True,4,0.0002047000452876091
unavailable-action:2:mfsc,unavailable-action,2,mfsc,OPTIMAL,a+d,True,4,7.650000043213367e-05
unavailable-action:3:full-quarantine,unavailable-action,3,full-quarantine,REJECTED,c,False,,1.5700003132224083e-05
unavailable-action:3:static-segmentation,unavailable-action,3,static-segmentation,FEASIBLE,a+d,True,4,9.00006853044033e-06
unavailable-action:3:risk-based,unavailable-action,3,risk-based,REJECTED,c,False,,1.109996810555458e-05
unavailable-action:3:function-aware-greedy,unavailable-action,3,function-aware-greedy,FEASIBLE,a+d,True,4,8.41999426484108e-05
unavailable-action:3:mfsc,unavailable-action,3,mfsc,OPTIMAL,a+d,True,4,0.0001596999354660511
unavailable-action:4:full-quarantine,unavailable-action,4,full-quarantine,REJECTED,c,False,,1.4099990949034691e-05
unavailable-action:4:static-segmentation,unavailable-action,4,static-segmentation,FEASIBLE,a+d,True,6,8.499948307871819e-06
unavailable-action:4:risk-based,unavailable-action,4,risk-based,REJECTED,c,False,,1.0899966582655907e-05
unavailable-action:4:function-aware-greedy,unavailable-action,4,function-aware-greedy,FEASIBLE,a+d,True,6,0.00014130002819001675
unavailable-action:4:mfsc,unavailable-action,4,mfsc,OPTIMAL,a+d,True,6,7.329997606575489e-05
unavailable-action:5:full-quarantine,unavailable-action,5,full-quarantine,REJECTED,c,False,,9.699957445263863e-06
unavailable-action:5:static-segmentation,unavailable-action,5,static-segmentation,FEASIBLE,a+d,True,10,8.899951353669167e-06
unavailable-action:5:risk-based,unavailable-action,5,risk-based,REJECTED,c,False,,1.0299962013959885e-05
unavailable-action:5:function-aware-greedy,unavailable-action,5,function-aware-greedy,FEASIBLE,a+d,True,10,0.00011709984391927719
unavailable-action:5:mfsc,unavailable-action,5,mfsc,OPTIMAL,a+d,True,10,7.040007039904594e-05
unavailable-action:6:full-quarantine,unavailable-action,6,full-quarantine,REJECTED,c,False,,1.2899981811642647e-05
unavailable-action:6:static-segmentation,unavailable-action,6,static-segmentation,FEASIBLE,a+d,True,8,6.600050255656242e-06
unavailable-action:6:risk-based,unavailable-action,6,risk-based,REJECTED,c,False,,1.00000761449337e-05
unavailable-action:6:function-aware-greedy,unavailable-action,6,function-aware-greedy,FEASIBLE,a+d,True,8,0.0001091999001801014
unavailable-action:6:mfsc,unavailable-action,6,mfsc,OPTIMAL,a+d,True,8,8.479994721710682e-05
unavailable-action:7:full-quarantine,unavailable-action,7,full-quarantine,REJECTED,c,False,,3.8899946957826614e-05
unavailable-action:7:static-segmentation,unavailable-action,7,static-segmentation,FEASIBLE,a+d,True,4,2.2300053387880325e-05
unavailable-action:7:risk-based,unavailable-action,7,risk-based,REJECTED,c,False,,1.3199867680668831e-05
unavailable-action:7:function-aware-greedy,unavailable-action,7,function-aware-greedy,FEASIBLE,a+d,True,4,8.470006287097931e-05
unavailable-action:7:mfsc,unavailable-action,7,mfsc,OPTIMAL,a+d,True,4,7.409998215734959e-05
unavailable-action:8:full-quarantine,unavailable-action,8,full-quarantine,REJECTED,c,False,,8.600065484642982e-06
unavailable-action:8:static-segmentation,unavailable-action,8,static-segmentation,FEASIBLE,a+d,True,4,6.100162863731384e-06
unavailable-action:8:risk-based,unavailable-action,8,risk-based,REJECTED,c,False,,8.300179615616798e-06
unavailable-action:8:function-aware-greedy,unavailable-action,8,function-aware-greedy,FEASIBLE,a+d,True,4,7.349997758865356e-05
unavailable-action:8:mfsc,unavailable-action,8,mfsc,OPTIMAL,a+d,True,4,6.319978274405003e-05
unavailable-action:9:full-quarantine,unavailable-action,9,full-quarantine,REJECTED,c,False,,8.09994526207447e-06
unavailable-action:9:static-segmentation,unavailable-action,9,static-segmentation,FEASIBLE,a+d,True,7,6.09993003308773e-06
unavailable-action:9:risk-based,unavailable-action,9,risk-based,REJECTED,c,False,,8.299946784973145e-06
unavailable-action:9:function-aware-greedy,unavailable-action,9,function-aware-greedy,FEASIBLE,a+d,True,7,0.00010279985144734383
unavailable-action:9:mfsc,unavailable-action,9,mfsc,OPTIMAL,a+d,True,7,7.420009933412075e-05
